S1 mix P mod					t (s)
7.137					0
7.136					1
7.129					2
7.152					3
7.161					4
7.151					5
7.157					6
7.185					7
7.178					8
7.187					9
7.180					10
7.193					11
7.179					12
7.182					13
7.191					14
7.194					15
7.233					16
7.213					17
7.209					18
7.218					19
7.221					20
7.253					21
7.233					22
7.245					23
7.232					24
7.244					25
7.247					26
7.246					27
7.262					28
7.265					29
7.264					30
7.267					31
7.299					32
7.286					33
7.275					34
7.278					35
7.300					36
7.284					37
7.293					38
7.309					39
7.298					40
7.343					41
7.314					42
7.310					43
7.338					44
7.325					45
7.337					46
7.340					47
7.362					48
7.323					49
7.345					50
7.345					51
7.373					52
7.340					53
7.356					54
7.352					55
7.365					56
7.371					57
7.390					58
7.363					59
7.395					60
7.379					61
7.404					62
7.413					63
7.393					64
7.399					65
7.408					66
7.401					67
7.414					68
7.433					69
7.436					70
7.425					71
7.431					72
7.444					73
7.453					74
7.443					75
7.462					76
7.439					77
7.441					78
7.480					79
7.469					80
7.453					81
7.462					82
7.465					83
7.464					84
7.464					85
7.496					86
7.498					87
7.482					88
7.494					89
7.510					90
7.487					91
7.496					92
7.499					93
7.527					94
7.520					95
7.517					96
7.539					97
7.545					98
7.505					99
7.534					100
7.537					101
7.562					102
7.539					103
7.535					104
7.551					105
7.567					106
7.582					107
7.549					108
7.562					109
7.587					110
7.597					111
7.573					112
7.589					113
7.592					114
7.588					115
7.597					116
7.607					117
7.583					118
7.583					119
7.592					120
7.617					121
7.598					122
7.610					123
7.610					124
7.599					125
7.602					126
7.627					127
7.646					128
7.659					129
7.671					130
7.622					131
7.622					132
7.641					133
7.650					134
7.659					135
7.636					136
7.665					137
7.641					138
7.683					139
7.670					140
7.666					141
7.669					142
7.681					143
7.664					144
7.674					145
7.683					146
7.682					147
7.675					148
7.707					149
7.707					150
7.693					151
7.706					152
7.702					153
7.734					154
7.720					155
7.726					156
7.723					157
7.735					158
7.731					159
7.728					160
7.714					161
7.720					162
7.729					163
7.719					164
7.761					165
7.744					166
7.747					167
7.743					168
7.739					169
7.758					170
7.745					171
7.754					172
7.757					173
7.766					174
7.765					175
7.771					176
7.774					177
7.793					178
7.780					179
7.782					180
7.772					181
7.798					182
7.804					183
7.797					184
7.780					185
7.792					186
7.821					187
7.804					188
7.804					189
7.807					190
7.800					191
7.809					192
7.821					193
7.811					194
7.836					195
7.820					196
7.826					197
7.819					198
7.834					199
7.834					200
7.840					201
7.836					202
7.849					203
7.829					204
7.841					205
7.850					206
7.850					207
7.843					208
7.842					209
7.852					210
7.841					211
7.854					212
7.853					213
7.863					214
7.859					215
7.852					216
7.903					217
7.867					218
7.889					219
7.876					220
7.904					221
7.888					222
7.871					223
7.913					224
7.919					225
7.889					226
7.885					227
7.891					228
7.913					229
7.890					230
7.903					231
7.902					232
7.921					233
7.914					234
7.927					235
7.903					236
7.906					237
7.902					238
7.925					239
7.918					240
7.924					241
7.933					242
7.906					243
7.938					244
7.918					245
7.924					246
7.943					247
7.930					248
7.942					249
7.939					250
7.938					251
7.931					252
7.950					253
7.946					254
7.962					255
7.955					256
7.980					257
7.951					258
7.976					259
7.963					260
7.969					261
7.949					262
7.961					263
7.958					264
7.980					265
7.963					266
7.988					267
7.972					268
7.955					269
7.977					270
7.990					271
7.976					272
8.005					273
8.001					274
7.978					275
7.981					276
8.009					277
7.993					278
7.992					279
7.985					280
8.004					281
8.004					282
8.029					283
8.009					284
7.989					285
8.008					286
8.004					287
8.017					288
8.007					289
8.006					290
8.019					291
8.054					292
8.014					293
8.004					294
8.042					295
8.006					296
8.019					297
8.022					298
8.024					299
8.030					300
8.056					301
8.055					302
8.032					303
8.028					304
8.057					305
8.037					306
8.027					307
8.062					308
8.055					309
8.041					310
8.054					311
8.073					312
8.043					313
8.036					314
8.049					315
8.048					316
8.077					317
8.057					318
8.053					319
8.062					320
8.059					321
8.052					322
8.058					323
8.057					324
8.060					325
8.050					326
8.062					327
8.055					328
8.048					329
8.093					330
8.070					331
8.089					332
8.085					333
8.094					334
8.065					335
8.090					336
8.077					337
8.108					338
8.085					339
8.085					340
8.071					341
8.087					342
8.080					343
8.089					344
8.098					345
8.079					346
8.140					347
8.113					348
8.135					349
8.196					350
8.225					351
8.221					352
8.231					353
8.250					354
8.256					355
8.268					356
8.297					357
8.303					358
8.322					359
8.302					360
8.330					361
8.330					362
8.336					363
8.339					364
8.332					365
8.940					366
9.397					367
9.383					368
9.354					369
9.324					370
9.333					371
9.333					372
9.339					373
9.312					374
9.338					375
9.318					376
9.346					377
9.330					378
9.365					379
9.332					380
9.344					381
9.328					382
9.314					383
9.340					384
9.303					385
9.316					386
9.325					387
9.318					388
9.295					389
9.294					390
9.300					391
9.290					392
9.303					393
9.283					394
9.279					395
9.298					396
9.294					397
9.268					398
9.296					399
9.273					400
9.279					401
9.272					402
9.291					403
9.265					404
9.267					405
9.270					406
9.254					407
9.276					408
9.259					409
9.265					410
9.271					411
9.251					412
9.244					413
9.266					414
9.262					415
9.265					416
9.261					417
9.248					418
9.260					419
9.257					420
9.250					421
9.246					422
9.255					423
9.255					424
9.248					425
9.238					426
9.256					427
9.230					428
9.249					429
9.232					430
9.261					431
9.231					432
9.247					433
9.234					434
9.227					435
9.229					436
9.232					437
9.228					438
9.231					439
9.263					440
9.243					441
9.249					442
9.239					443
9.248					444
9.244					445
9.228					446
9.240					447
9.217					448
9.200					449
9.245					450
9.225					451
9.225					452
9.227					453
9.224					454
9.226					455
9.245					456
9.222					457
9.212					458
9.208					459
9.246					460
9.217					461
9.194					462
9.222					463
9.231					464
9.202					465
9.192					466
9.240					467
9.207					468
9.193					469
9.196					470
9.205					471
9.224					472
9.211					473
9.220					474
9.210					475
9.206					476
9.209					477
9.228					478
9.214					479
9.211					480
9.223					481
9.226					482
9.209					483
9.196					484
9.234					485
9.214					486
9.226					487
9.216					488
9.203					489
9.202					490
9.192					491
9.198					492
9.223					493
9.200					494
9.203					495
9.219					496
9.228					497
9.202					498
9.185					499
9.220					500
9.200					501
9.206					502
9.189					503
9.211					504
9.201					505
9.194					506
9.226					507
9.197					508
9.212					509
9.199					510
9.208					511
9.220					512
9.188					513
9.206					514
9.193					515
9.193					516
9.192					517
9.211					518
9.223					519
9.203					520
9.193					521
9.199					522
9.179					523
9.224					524
9.191					525
9.213					526
9.184					527
9.199					528
9.202					529
9.211					530
9.214					531
9.181					532
9.194					533
9.193					534
9.177					535
9.212					536
9.211					537
9.188					538
9.181					539
9.197					540
9.203					541
9.196					542
9.224					543
9.188					544
9.172					545
9.203					546
9.213					547
9.193					548
9.179					549
9.185					550
9.185					551
9.191					552
9.184					553
9.193					554
9.215					555
9.195					556
9.191					557
9.175					558
9.203					559
9.177					560
9.196					561
9.182					562
9.188					563
9.178					564
9.204					565
9.193					566
9.180					567
9.186					568
9.185					569
9.185					570
9.194					571
9.184					572
9.171					573
9.206					574
9.189					575
9.218					576
9.162					577
9.178					578
9.200					579
9.183					580
9.179					581
9.182					582
9.169					583
9.194					584
9.174					585
9.170					586
9.196					587
9.173					588
9.195					589
9.191					590
9.174					591
9.180					592
9.183					593
9.179					594
9.185					595
9.162					596
9.165					597
9.164					598
9.180					599
9.180					600
9.166					601
9.175					602
9.168					603
9.194					604
9.193					605
9.183					606
9.160					607
9.172					608
9.172					609
9.175					610
9.171					611
9.170					612
9.167					613
9.153					614
9.162					615
9.152					616
9.158					617
9.145					618
9.167					619
9.183					620
9.172					621
9.169					622
9.158					623
9.151					624
9.167					625
9.163					626
9.160					627
9.166					628
9.155					629
9.171					630
9.174					631
9.157					632
9.173					633
9.172					634
9.159					635
9.158					636
9.155					637
9.177					638
9.160					639
9.173					640
9.172					641
9.168					642
9.155					643
9.174					644
9.160					645
9.144					646
9.143					647
9.146					648
9.152					649
9.151					650
9.151					651
9.131					652
9.150					653
9.159					654
9.172					655
9.148					656
9.167					657
9.157					658
9.173					659
9.121					660
9.146					661
9.149					662
9.142					663
9.154					664
9.176					665
9.160					666
9.172					667
9.133					668
9.129					669
9.141					670
9.138					671
9.127					672
9.166					673
9.130					674
9.142					675
9.138					676
9.138					677
9.144					678
9.147					679
9.146					680
9.146					681
9.148					682
9.141					683
9.141					684
9.124					685
9.137					686
9.146					687
9.142					688
9.138					689
9.131					690
9.141					691
9.137					692
9.133					693
9.155					694
9.122					695
9.125					696
9.118					697
9.147					698
9.117					699
9.149					700
9.142					701
9.112					702
9.109					703
9.105					704
9.140					705
9.127					706
9.129					707
9.119					708
9.148					709
9.102					710
9.118					711
9.137					712
9.123					713
9.136					714
9.122					715
9.138					716
9.134					717
9.101					718
9.133					719
9.107					720
9.109					721
9.132					722
9.125					723
9.127					724
9.104					725
9.100					726
9.106					727
9.125					728
9.128					729
9.105					730
9.121					731
9.110					732
9.116					733
9.106					734
9.109					735
9.128					736
9.105					737
9.107					738
9.113					739
9.090					740
9.103					741
9.086					742
9.124					743
9.088					744
9.107					745
9.097					746
9.093					747
9.102					748
9.108					749
9.098					750
9.107					751
9.110					752
9.100					753
9.096					754
9.128					755
9.095					756
9.091					757
9.104					758
9.084					759
9.106					760
9.073					761
9.118					762
9.085					763
9.078					764
9.081					765
9.080					766
9.099					767
9.073					768
9.069					769
9.098					770
9.078					771
9.100					772
9.083					773
9.089					774
9.112					775
9.101					776
9.078					777
9.074					778
9.103					779
9.093					780
9.067					781
9.060					782
9.069					783
9.075					784
9.052					785
9.067					786
9.070					787
9.076					788
9.072					789
9.068					790
9.081					791
9.058					792
9.083					793
9.070					794
9.053					795
9.088					796
9.049					797
9.048					798
9.058					799
9.083					800
9.079					801
9.069					802
9.056					803
9.074					804
9.045					805
9.057					806
9.066					807
9.056					808
9.085					809
9.042					810
9.071					811
9.038					812
9.047					813
9.053					814
9.046					815
9.049					816
9.052					817
9.042					818
9.048					819
9.037					820
9.059					821
9.030					822
9.052					823
9.039					824
9.035					825
9.063					826
9.053					827
9.043					828
9.043					829
9.065					830
9.045					831
9.038					832
9.034					833
9.030					834
9.043					835
9.055					836
9.032					837
9.054					838
9.031					839
9.031					840
9.049					841
9.026					842
9.032					843
9.022					844
9.047					845
9.044					846
9.021					847
9.052					848
9.055					849
9.029					850
9.044					851
9.050					852
9.024					853
9.014					854
9.036					855
9.023					856
9.025					857
9.041					858
9.047					859
9.017					860
9.039					861
9.023					862
9.026					863
9.019					864
9.025					865
9.014					866
9.046					867
9.026					868
9.016					869
9.009					870
8.992					871
9.002					872
9.027					873
9.010					874
9.026					875
9.025					876
9.025					877
8.999					878
9.014					879
8.991					880
9.020					881
8.993					882
9.012					883
9.021					884
8.995					885
9.001					886
9.017					887
9.013					888
9.009					889
9.002					890
9.008					891
9.005					892
8.991					893
9.000					894
8.987					895
8.999					896
8.989					897
9.014					898
9.001					899
9.023					900
9.000					901
9.003					902
9.015					903
9.002					904
8.992					905
9.007					906
9.010					907
8.984					908
9.003					909
8.996					910
8.998					911
8.985					912
9.010					913
8.997					914
8.983					915
9.012					916
8.979					917
8.972					918
8.975					919
9.003					920
8.987					921
8.977					922
8.986					923
8.992					924
8.991					925
8.997					926
8.987					927
8.980					928
8.957					929
8.982					930
9.008					931
8.978					932
8.981					933
8.980					934
8.996					935
8.976					936
8.972					937
8.988					938
8.968					939
8.987					940
8.957					941
8.963					942
8.979					943
8.953					944
8.962					945
8.978					946
8.951					947
8.964					948
8.953					949
8.982					950
8.975					951
8.975					952
8.968					953
8.957					954
8.973					955
8.969					956
9.021					957
9.040					958
9.026					959
9.058					960
9.038					961
9.086					962
9.063					963
9.046					964
9.062					965
9.029					966
9.029					967
9.035					968
9.031					969
9.053					970
9.043					971
9.068					972
9.107					973
9.100					974
9.096					975
9.115					976
9.114					977
9.127					978
9.123					979
9.123					980
9.145					981
9.167					982
9.128					983
9.150					984
9.143					985
9.133					986
9.151					987
9.138					988
9.147					989
9.176					990
9.153					991
9.155					992
9.145					993
9.151					994
9.151					995
9.179					996
9.159					997
9.191					998
9.162					999
9.145					1000
9.180					1001
9.160					1002
9.166					1003
9.133					1004
9.146					1005
9.142					1006
9.119					1007
9.154					1008
9.127					1009
9.150					1010
9.136					1011
9.162					1012
9.145					1013
9.138					1014
9.137					1015
9.134					1016
9.127					1017
9.129					1018
9.122					1019
9.138					1020
9.128					1021
9.121					1022
9.117					1023
9.156					1024
9.123					1025
9.109					1026
9.112					1027
9.112					1028
9.101					1029
9.107					1030
9.113					1031
9.090					1032
9.103					1033
9.102					1034
9.095					1035
9.095					1036
9.104					1037
9.074					1038
9.087					1039
9.070					1040
9.069					1041
9.072					1042
9.088					1043
9.058					1044
9.080					1045
9.077					1046
9.047					1047
9.079					1048
9.078					1049
9.058					1050
9.055					1051
9.057					1052
9.073					1053
9.073					1054
9.066					1055
9.068					1056
9.071					1057
9.067					1058
9.064					1059
9.076					1060
9.059					1061
9.072					1062
9.081					1063
9.103					1064
9.083					1065
9.093					1066
9.095					1067
9.079					1068
9.091					1069
9.107					1070
9.093					1071
9.099					1072
9.099					1073
9.092					1074
9.072					1075
9.120					1076
9.100					1077
9.093					1078
9.115					1079
9.095					1080
9.091					1081
9.110					1082
9.100					1083
9.109					1084
9.099					1085
9.083					1086
9.098					1087
9.104					1088
9.097					1089
9.087					1090
9.093					1091
9.086					1092
9.073					1093
9.088					1094
9.088					1095
9.113					1096
9.096					1097
9.086					1098
9.095					1099
9.059					1100
9.065					1101
9.094					1102
9.080					1103
9.096					1104
9.073					1105
9.076					1106
9.062					1107
9.081					1108
9.084					1109
9.080					1110
9.099					1111
9.070					1112
9.056					1113
9.078					1114
9.078					1115
9.077					1116
9.061					1117
9.063					1118
9.069					1119
9.101					1120
9.084					1121
9.065					1122
9.067					1123
9.093					1124
9.082					1125
9.075					1126
9.062					1127
9.071					1128
9.064					1129
9.090					1130
9.076					1131
9.092					1132
9.065					1133
9.075					1134
9.097					1135
9.077					1136
9.057					1137
9.066					1138
9.059					1139
9.059					1140
9.074					1141
9.067					1142
9.051					1143
9.054					1144
9.059					1145
9.085					1146
9.062					1147
9.055					1148
9.080					1149
9.070					1150
9.053					1151
9.062					1152
9.052					1153
9.068					1154
9.058					1155
9.051					1156
9.060					1157
9.069					1158
9.043					1159
9.058					1160
9.064					1161
9.080					1162
9.044					1163
9.089					1164
9.033					1165
9.075					1166
9.052					1167
9.051					1168
9.054					1169
9.047					1170
9.037					1171
9.072					1172
9.062					1173
9.048					1174
9.032					1175
9.070					1176
9.056					1177
9.030					1178
9.065					1179
9.055					1180
9.038					1181
9.067					1182
9.034					1183
9.050					1184
9.056					1185
9.039					1186
9.051					1187
9.054					1188
9.034					1189
9.053					1190
9.030					1191
9.052					1192
9.045					1193
9.035					1194
9.038					1195
9.044					1196
9.040					1197
9.069					1198
9.052					1199
9.071					1200
9.041					1201
9.028					1202
9.043					1203
9.062					1204
9.046					1205
9.048					1206
9.028					1207
9.041					1208
9.034					1209
9.027					1210
9.033					1211
9.039					1212
9.048					1213
9.057					1214
9.060					1215
9.050					1216
9.062					1217
9.046					1218
9.035					1219
9.051					1220
9.060					1221
9.044					1222
9.037					1223
9.043					1224
9.042					1225
9.048					1226
9.051					1227
9.031					1228
9.053					1229
9.011					1230
9.039					1231
9.052					1232
9.058					1233
9.038					1234
9.063					1235
9.046					1236
9.043					1237
9.026					1238
9.045					1239
9.051					1240
9.057					1241
9.030					1242
9.033					1243
9.046					1244
9.058					1245
9.022					1246
9.028					1247
9.037					1248
9.033					1249
9.026					1250
9.010					1251
9.022					1252
9.031					1253
9.018					1254
9.030					1255
9.023					1256
9.052					1257
9.019					1258
9.038					1259
9.057					1260
9.021					1261
9.033					1262
9.043					1263
9.039					1264
9.029					1265
9.041					1266
9.050					1267
9.037					1268
9.033					1269
9.039					1270
9.039					1271
9.012					1272
9.031					1273
9.024					1274
9.011					1275
9.033					1276
9.032					1277
9.048					1278
9.035					1279
9.034					1280
9.024					1281
9.033					1282
9.033					1283
9.029					1284
9.035					1285
9.047					1286
9.037					1287
9.043					1288
9.017					1289
9.055					1290
9.029					1291
9.025					1292
9.037					1293
9.053					1294
9.059					1295
9.033					1296
9.032					1297
9.041					1298
9.034					1299
9.034					1300
9.030					1301
9.049					1302
9.049					1303
9.035					1304
9.054					1305
9.031					1306
9.024					1307
9.040					1308
9.059					1309
9.039					1310
9.041					1311
9.025					1312
9.040					1313
9.033					1314
9.075					1315
9.049					1316
9.042					1317
9.038					1318
9.041					1319
9.043					1320
9.049					1321
9.023					1322
9.032					1323
9.035					1324
9.038					1325
9.047					1326
9.043					1327
9.043					1328
9.026					1329
9.042					1330
9.057					1331
9.037					1332
9.037					1333
9.033					1334
9.023					1335
9.055					1336
9.038					1337
9.044					1338
9.053					1339
9.062					1340
9.052					1341
9.032					1342
9.071					1343
9.025					1344
9.047					1345
9.053					1346
9.043					1347
9.023					1348
9.045					1349
9.041					1350
9.050					1351
9.053					1352
9.046					1353
9.049					1354
9.026					1355
9.051					1356
9.031					1357
9.053					1358
9.027					1359
9.039					1360
9.036					1361
9.045					1362
9.038					1363
9.031					1364
9.043					1365
9.043					1366
9.046					1367
9.058					1368
9.054					1369
9.034					1370
9.031					1371
9.043					1372
9.027					1373
9.045					1374
9.045					1375
9.035					1376
9.063					1377
9.037					1378
9.043					1379
9.029					1380
9.042					1381
9.058					1382
9.022					1383
9.066					1384
9.040					1385
9.049					1386
9.026					1387
9.042					1388
9.051					1389
9.034					1390
9.030					1391
9.062					1392
9.059					1393
9.035					1394
9.064					1395
9.044					1396
9.027					1397
9.033					1398
9.026					1399
9.058					1400
9.038					1401
9.048					1402
9.031					1403
9.050					1404
9.053					1405
9.036					1406
9.052					1407
9.022					1408
9.060					1409
9.044					1410
9.043					1411
9.069					1412
9.049					1413
9.068					1414
9.041					1415
9.044					1416
9.076					1417
9.049					1418
9.046					1419
9.048					1420
9.061					1421
9.077					1422
9.044					1423
9.043					1424
9.043					1425
9.049					1426
9.068					1427
9.028					1428
9.047					1429
9.063					1430
9.072					1431
9.039					1432
9.061					1433
9.045					1434
9.041					1435
9.050					1436
9.063					1437
9.046					1438
9.075					1439
9.068					1440
9.041					1441
9.076					1442
9.047					1443
9.036					1444
9.059					1445
9.052					1446
9.051					1447
9.047					1448
9.063					1449
9.053					1450
9.059					1451
9.065					1452
9.058					1453
9.054					1454
9.054					1455
9.066					1456
9.056					1457
9.046					1458
9.074					1459
9.051					1460
9.044					1461
9.057					1462
9.079					1463
9.062					1464
9.081					1465
9.087					1466
9.067					1467
9.047					1468
9.043					1469
9.056					1470
9.071					1471
9.058					1472
9.077					1473
9.051					1474
9.057					1475
9.056					1476
9.052					1477
9.062					1478
9.051					1479
9.067					1480
9.066					1481
9.072					1482
9.069					1483
9.059					1484
9.052					1485
9.051					1486
9.067					1487
9.057					1488
9.085					1489
9.052					1490
9.074					1491
9.067					1492
9.057					1493
9.054					1494
9.063					1495
9.072					1496
9.065					1497
9.074					1498
9.077					1499
9.073					1500
9.053					1501
9.088					1502
9.065					1503
9.058					1504
9.058					1505
9.090					1506
9.073					1507
9.089					1508
9.065					1509
9.078					1510
9.094					1511
9.064					1512
9.102					1513
9.069					1514
9.072					1515
9.062					1516
9.078					1517
9.071					1518
9.086					1519
9.063					1520
9.076					1521
9.088					1522
9.065					1523
9.094					1524
9.090					1525
9.063					1526
9.073					1527
9.062					1528
9.101					1529
9.052					1530
9.064					1531
9.073					1532
9.089					1533
9.079					1534
9.062					1535
9.075					1536
9.061					1537
9.077					1538
9.076					1539
9.089					1540
9.066					1541
9.062					1542
9.094					1543
9.074					1544
9.080					1545
9.063					1546
9.095					1547
9.085					1548
9.107					1549
9.081					1550
9.093					1551
9.070					1552
9.079					1553
9.079					1554
9.081					1555
9.091					1556
9.074					1557
9.073					1558
9.057					1559
9.085					1560
9.075					1561
9.068					1562
9.084					1563
9.064					1564
9.076					1565
9.092					1566
9.075					1567
9.114					1568
9.074					1569
9.097					1570
9.080					1571
9.089					1572
9.092					1573
9.091					1574
9.120					1575
9.087					1576
9.090					1577
9.083					1578
9.092					1579
9.095					1580
9.091					1581
9.084					1582
9.100					1583
9.093					1584
9.073					1585
9.079					1586
9.088					1587
9.091					1588
9.090					1589
9.077					1590
9.092					1591
9.089					1592
9.082					1593
9.065					1594
9.087					1595
9.100					1596
9.093					1597
9.083					1598
9.101					1599
9.091					1600
9.104					1601
9.090					1602
9.080					1603
9.073					1604
9.092					1605
9.111					1606
9.097					1607
9.087					1608
9.113					1609
9.086					1610
9.092					1611
9.095					1612
9.104					1613
9.097					1614
9.097					1615
9.103					1616
9.128					1617
9.092					1618
9.101					1619
9.114					1620
9.100					1621
9.103					1622
9.099					1623
9.128					1624
9.147					1625
9.143					1626
9.162					1627
9.191					1628
9.164					1629
9.144					1630
9.134					1631
9.111					1632
9.104					1633
9.113					1634
9.148					1635
9.096					1636
9.092					1637
9.111					1638
9.117					1639
9.136					1640
9.155					1641
9.145					1642
9.157					1643
9.160					1644
9.179					1645
9.195					1646
9.201					1647
9.223					1648
9.226					1649
9.202					1650
9.228					1651
9.221					1652
9.217					1653
9.217					1654
9.232					1655
9.219					1656
9.241					1657
9.218					1658
9.253					1659
9.243					1660
9.252					1661
9.258					1662
9.244					1663
9.244					1664
9.260					1665
9.269					1666
9.255					1667
9.287					1668
9.261					1669
9.254					1670
9.253					1671
9.282					1672
9.262					1673
9.262					1674
9.287					1675
9.274					1676
9.289					1677
9.276					1678
9.285					1679
9.275					1680
9.284					1681
9.264					1682
9.273					1683
9.283					1684
9.279					1685
9.272					1686
9.297					1687
9.277					1688
9.290					1689
9.280					1690
9.286					1691
9.311					1692
9.285					1693
9.291					1694
9.319					1695
9.309					1696
9.321					1697
9.327					1698
9.291					1699
9.307					1700
9.313					1701
9.303					1702
9.292					1703
9.298					1704
9.311					1705
9.314					1706
9.287					1707
9.293					1708
9.296					1709
9.328					1710
9.331					1711
9.285					1712
9.307					1713
9.290					1714
9.325					1715
9.315					1716
9.350					1717
9.321					1718
9.307					1719
9.329					1720
9.329					1721
9.322					1722
9.305					1723
9.337					1724
9.304					1725
9.320					1726
9.326					1727
9.293					1728
9.331					1729
9.334					1730
9.311					1731
9.317					1732
9.320					1733
9.309					1734
9.309					1735
9.321					1736
9.314					1737
9.317					1738
9.336					1739
9.310					1740
9.329					1741
9.328					1742
9.331					1743
9.334					1744
9.317					1745
9.323					1746
9.326					1747
9.302					1748
9.331					1749
9.321					1750
9.320					1751
9.343					1752
9.329					1753
9.322					1754
9.341					1755
9.321					1756
9.334					1757
9.330					1758
9.316					1759
9.329					1760
9.312					1761
9.321					1762
9.347					1763
9.333					1764
9.317					1765
9.361					1766
9.345					1767
9.322					1768
9.350					1769
9.314					1770
9.336					1771
9.336					1772
9.329					1773
9.315					1774
9.325					1775
9.334					1776
9.311					1777
9.333					1778
9.332					1779
9.316					1780
9.302					1781
9.321					1782
9.330					1783
9.330					1784
9.333					1785
9.351					1786
9.332					1787
9.344					1788
9.347					1789
9.307					1790
9.326					1791
9.332					1792
9.332					1793
9.347					1794
9.344					1795
9.321					1796
9.336					1797
9.329					1798
9.338					1799
9.341					1800
9.334					1801
9.337					1802
9.353					1803
9.349					1804
9.323					1805
9.351					1806
9.341					1807
9.350					1808
9.346					1809
9.326					1810
9.362					1811
9.329					1812
9.322					1813
9.354					1814
9.343					1815
9.333					1816
9.349					1817
9.342					1818
9.364					1819
9.331					1820
9.334					1821
9.333					1822
9.349					1823
9.336					1824
9.329					1825
9.370					1826
9.341					1827
9.347					1828
9.323					1829
9.342					1830
9.358					1831
9.338					1832
9.367					1833
9.357					1834
9.333					1835
9.362					1836
9.319					1837
9.322					1838
9.331					1839
9.350					1840
9.356					1841
9.362					1842
9.349					1843
9.332					1844
9.351					1845
9.370					1846
9.344					1847
9.359					1848
9.346					1849
9.345					1850
9.332					1851
9.354					1852
9.350					1853
9.360					1854
9.353					1855
9.375					1856
9.358					1857
9.332					1858
9.341					1859
9.350					1860
9.363					1861
9.352					1862
9.355					1863
9.355					1864
9.361					1865
9.360					1866
9.369					1867
9.356					1868
9.346					1869
9.368					1870
9.354					1871
9.386					1872
9.370					1873
9.366					1874
9.369					1875
9.358					1876
9.368					1877
9.354					1878
9.347					1879
9.353					1880
9.359					1881
9.346					1882
9.361					1883
9.367					1884
9.367					1885
9.350					1886
9.388					1887
9.352					1888
9.368					1889
9.367					1890
9.351					1891
9.366					1892
9.347					1893
9.349					1894
9.359					1895
9.371					1896
9.364					1897
9.380					1898
9.350					1899
9.372					1900
9.391					1901
9.365					1902
9.364					1903
9.370					1904
9.376					1905
9.350					1906
9.349					1907
9.391					1908
9.371					1909
9.380					1910
9.370					1911
9.382					1912
9.369					1913
9.368					1914
9.387					1915
9.390					1916
9.367					1917
9.399					1918
9.379					1919
9.375					1920
9.384					1921
9.374					1922
9.383					1923
9.386					1924
9.369					1925
9.388					1926
9.375					1927
9.397					1928
9.400					1929
9.396					1930
9.389					1931
9.389					1932
9.398					1933
9.381					1934
9.377					1935
9.400					1936
9.393					1937
9.415					1938
9.385					1939
9.362					1940
9.384					1941
9.416					1942
9.383					1943
9.379					1944
9.398					1945
9.414					1946
9.394					1947
9.390					1948
9.396					1949
9.402					1950
9.405					1951
9.395					1952
9.404					1953
9.407					1954
9.400					1955
9.399					1956
9.386					1957
9.398					1958
9.424					1959
9.394					1960
9.403					1961
9.393					1962
9.406					1963
9.415					1964
9.388					1965
9.401					1966
9.400					1967
9.403					1968
9.406					1969
9.418					1970
9.421					1971
9.427					1972
9.388					1973
9.426					1974
9.393					1975
9.406					1976
9.411					1977
9.398					1978
9.414					1979
9.410					1980
9.432					1981
9.399					1982
9.418					1983
9.424					1984
9.414					1985
9.410					1986
9.390					1987
9.435					1988
9.444					1989
9.411					1990
9.404					1991
9.417					1992
9.420					1993
9.413					1994
9.441					1995
9.428					1996
9.421					1997
9.446					1998
9.394					1999
9.416					2000
9.432					2001
9.412					2002
9.408					2003
9.437					2004
9.423					2005
9.433					2006
9.419					2007
9.438					2008
9.408					2009
9.431					2010
9.433					2011
9.439					2012
9.426					2013
9.438					2014
9.448					2015
9.454					2016
9.427					2017
9.420					2018
9.449					2019
9.439					2020
9.412					2021
9.441					2022
9.447					2023
9.420					2024
9.452					2025
9.429					2026
9.448					2027
9.431					2028
9.424					2029
9.440					2030
9.433					2031
9.452					2032
9.435					2033
9.461					2034
9.447					2035
9.457					2036
9.437					2037
9.426					2038
9.429					2039
9.461					2040
9.431					2041
9.463					2042
9.456					2043
9.453					2044
9.426					2045
9.432					2046
9.458					2047
9.441					2048
9.437					2049
9.433					2050
9.459					2051
9.439					2052
9.442					2053
9.483					2054
9.450					2055
9.447					2056
9.478					2057
9.452					2058
9.464					2059
9.435					2060
9.467					2061
9.460					2062
9.453					2063
9.449					2064
9.458					2065
9.448					2066
9.460					2067
9.444					2068
9.443					2069
9.443					2070
9.455					2071
9.448					2072
9.438					2073
9.444					2074
9.437					2075
9.466					2076
9.478					2077
9.452					2078
9.474					2079
9.460					2080
9.466					2081
9.459					2082
9.462					2083
9.465					2084
9.464					2085
9.474					2086
9.483					2087
9.456					2088
9.469					2089
9.475					2090
9.471					2091
9.487					2092
9.470					2093
9.466					2094
9.479					2095
9.482					2096
9.468					2097
9.500					2098
9.490					2099
9.470					2100
9.502					2101
9.472					2102
9.488					2103
9.465					2104
9.477					2105
9.467					2106
9.496					2107
9.492					2108
9.504					2109
9.491					2110
9.490					2111
9.483					2112
9.493					2113
9.495					2114
9.492					2115
9.481					2116
9.484					2117
9.503					2118
9.493					2119
9.470					2120
9.492					2121
9.491					2122
9.484					2123
9.490					2124
9.483					2125
9.522					2126
9.499					2127
9.492					2128
9.488					2129
9.497					2130
9.497					2131
9.515					2132
9.489					2133
9.505					2134
9.488					2135
9.484					2136
9.519					2137
9.509					2138
9.480					2139
9.515					2140
9.508					2141
9.501					2142
9.520					2143
9.477					2144
9.486					2145
9.495					2146
9.489					2147
9.482					2148
9.494					2149
9.493					2150
9.490					2151
9.489					2152
9.486					2153
9.504					2154
9.491					2155
9.500					2156
9.500					2157
9.519					2158
9.495					2159
9.505					2160
9.494					2161
9.500					2162
9.490					2163
9.509					2164
9.486					2165
9.531					2166
9.501					2167
9.510					2168
9.500					2169
9.493					2170
9.525					2171
9.486					2172
9.501					2173
9.498					2174
9.497					2175
9.484					2176
9.490					2177
9.512					2178
9.518					2179
9.504					2180
9.501					2181
9.487					2182
9.503					2183
9.502					2184
9.518					2185
9.508					2186
9.504					2187
9.513					2188
9.493					2189
9.512					2190
9.515					2191
9.495					2192
9.511					2193
9.507					2194
9.529					2195
9.496					2196
9.509					2197
9.505					2198
9.534					2199
9.507					2200
9.507					2201
9.519					2202
9.538					2203
9.483					2204
9.508					2205
9.508					2206
9.504					2207
9.500					2208
9.519					2209
9.551					2210
9.508					2211
9.518					2212
9.530					2213
9.510					2214
9.513					2215
9.529					2216
9.531					2217
9.547					2218
9.521					2219
9.540					2220
9.529					2221
9.526					2222
9.522					2223
9.512					2224
9.518					2225
9.540					2226
9.507					2227
9.516					2228
9.538					2229
9.518					2230
9.502					2231
9.527					2232
9.517					2233
9.555					2234
9.526					2235
9.548					2236
9.525					2237
9.527					2238
9.524					2239
9.523					2240
9.535					2241
9.529					2242
9.551					2243
9.518					2244
9.533					2245
9.514					2246
9.552					2247
9.529					2248
9.535					2249
9.525					2250
9.543					2251
9.527					2252
9.559					2253
9.548					2254
9.538					2255
9.541					2256
9.534					2257
9.527					2258
9.530					2259
9.539					2260
9.542					2261
9.538					2262
9.528					2263
9.550					2264
9.530					2265
9.533					2266
9.532					2267
9.528					2268
9.538					2269
9.531					2270
9.540					2271
9.536					2272
9.536					2273
9.551					2274
9.538					2275
9.524					2276
9.530					2277
9.530					2278
9.533					2279
9.548					2280
9.525					2281
9.531					2282
9.563					2283
9.543					2284
9.536					2285
9.542					2286
9.568					2287
9.541					2288
9.550					2289
9.534					2290
9.569					2291
9.559					2292
9.548					2293
9.538					2294
9.538					2295
9.537					2296
9.533					2297
9.578					2298
9.536					2299
9.571					2300
9.557					2301
9.547					2302
9.550					2303
9.559					2304
9.575					2305
9.535					2306
9.571					2307
9.544					2308
9.560					2309
9.546					2310
9.556					2311
9.562					2312
9.532					2313
9.570					2314
9.563					2315
9.550					2316
9.556					2317
9.552					2318
9.581					2319
9.538					2320
9.570					2321
9.560					2322
9.563					2323
9.549					2324
9.549					2325
9.555					2326
9.577					2327
9.557					2328
9.566					2329
9.582					2330
9.546					2331
9.558					2332
9.548					2333
9.570					2334
9.557					2335
9.566					2336
9.546					2337
9.555					2338
9.567					2339
9.551					2340
9.557					2341
9.563					2342
9.565					2343
9.571					2344
9.564					2345
9.561					2346
9.567					2347
9.589					2348
9.559					2349
9.598					2350
9.581					2351
9.603					2352
9.573					2353
9.573					2354
9.569					2355
9.569					2356
9.584					2357
9.594					2358
9.554					2359
9.567					2360
9.560					2361
9.556					2362
9.585					2363
9.578					2364
9.567					2365
9.567					2366
9.576					2367
9.592					2368
9.569					2369
9.581					2370
9.568					2371
9.567					2372
9.567					2373
9.569					2374
9.562					2375
9.565					2376
9.561					2377
9.587					2378
9.593					2379
9.583					2380
9.576					2381
9.604					2382
9.578					2383
9.597					2384
9.564					2385
9.567					2386
9.569					2387
9.569					2388
9.591					2389
9.594					2390
9.593					2391
9.570					2392
9.596					2393
9.576					2394
9.601					2395
9.591					2396
9.577					2397
9.574					2398
9.547					2399
9.569					2400
9.592					2401
9.565					2402
9.584					2403
9.584					2404
9.596					2405
9.583					2406
9.569					2407
9.611					2408
9.588					2409
9.571					2410
9.574					2411
9.609					2412
9.595					2413
9.585					2414
9.591					2415
9.574					2416
9.587					2417
9.586					2418
9.602					2419
9.576					2420
9.575					2421
9.575					2422
9.584					2423
9.577					2424
9.583					2425
9.611					2426
9.588					2427
9.585					2428
9.613					2429
9.603					2430
9.599					2431
9.589					2432
9.598					2433
9.591					2434
9.594					2435
9.597					2436
9.600					2437
9.583					2438
9.592					2439
9.598					2440
9.575					2441
9.594					2442
9.597					2443
9.596					2444
9.592					2445
9.618					2446
9.585					2447
9.588					2448
9.610					2449
9.599					2450
9.602					2451
9.602					2452
9.601					2453
9.578					2454
9.584					2455
9.606					2456
9.599					2457
9.579					2458
9.605					2459
9.585					2460
9.571					2461
9.587					2462
9.616					2463
9.592					2464
9.598					2465
9.604					2466
9.597					2467
9.613					2468
9.603					2469
9.586					2470
9.602					2471
9.608					2472
9.591					2473
9.584					2474
9.610					2475
9.606					2476
9.609					2477
9.589					2478
9.591					2479
9.607					2480
9.594					2481
9.593					2482
9.596					2483
9.612					2484
9.595					2485
9.611					2486
9.604					2487
9.623					2488
9.616					2489
9.592					2490
9.592					2491
9.624					2492
9.594					2493
9.620					2494
9.593					2495
9.612					2496
9.618					2497
9.608					2498
9.627					2499
9.597					2500
9.603					2501
9.616					2502
9.599					2503
9.592					2504
9.598					2505
9.601					2506
9.600					2507
9.593					2508
9.635					2509
9.608					2510
9.588					2511
9.607					2512
9.600					2513
9.610					2514
9.606					2515
9.596					2516
9.634					2517
9.604					2518
9.604					2519
9.616					2520
9.606					2521
9.612					2522
9.618					2523
9.621					2524
9.614					2525
9.617					2526
9.603					2527
9.612					2528
9.605					2529
9.615					2530
9.614					2531
9.623					2532
9.620					2533
9.609					2534
9.606					2535
9.621					2536
9.618					2537
9.624					2538
9.620					2539
9.629					2540
9.625					2541
9.615					2542
9.608					2543
9.611					2544
9.610					2545
9.603					2546
9.606					2547
9.615					2548
9.628					2549
9.611					2550
9.627					2551
9.604					2552
9.603					2553
9.616					2554
9.609					2555
9.618					2556
9.608					2557
9.623					2558
9.613					2559
9.619					2560
9.612					2561
9.631					2562
9.611					2563
9.614					2564
9.636					2565
9.639					2566
9.612					2567
9.609					2568
9.637					2569
9.643					2570
9.601					2571
9.632					2572
9.629					2573
9.615					2574
9.624					2575
9.637					2576
9.630					2577
9.636					2578
9.626					2579
9.632					2580
9.641					2581
9.627					2582
9.614					2583
9.620					2584
9.626					2585
9.619					2586
9.635					2587
9.618					2588
9.614					2589
9.617					2590
9.610					2591
9.622					2592
9.641					2593
9.634					2594
9.614					2595
9.643					2596
9.626					2597
9.626					2598
9.616					2599
9.648					2600
9.618					2601
9.647					2602
9.653					2603
9.620					2604
9.619					2605
9.615					2606
9.618					2607
9.621					2608
9.630					2609
9.623					2610
9.626					2611
9.629					2612
9.635					2613
9.647					2614
9.595					2615
9.627					2616
9.633					2617
9.629					2618
9.612					2619
9.644					2620
9.637					2621
9.633					2622
9.643					2623
9.632					2624
9.632					2625
9.638					2626
9.650					2627
9.608					2628
9.678					2629
9.697					2630
9.713					2631
9.687					2632
9.651					2633
9.550					2634
9.494					2635
9.461					2636
9.467					2637
9.473					2638
9.473					2639
9.501					2640
9.498					2641
9.520					2642
9.542					2643
9.551					2644
9.580					2645
9.570					2646
9.595					2647
9.604					2648
9.617					2649
9.623					2650
9.625					2651
9.618					2652
9.657					2653
9.640					2654
9.646					2655
9.652					2656
9.661					2657
9.670					2658
9.663					2659
9.689					2660
9.701					2661
9.685					2662
9.674					2663
9.700					2664
9.699					2665
9.692					2666
9.728					2667
9.730					2668
9.704					2669
9.720					2670
9.732					2671
9.725					2672
9.718					2673
9.727					2674
9.727					2675
9.723					2676
9.729					2677
9.729					2678
9.718					2679
9.731					2680
9.753					2681
9.739					2682
9.758					2683
9.745					2684
9.751					2685
9.760					2686
9.740					2687
9.762					2688
9.762					2689
9.787					2690
9.764					2691
9.757					2692
9.792					2693
9.766					2694
9.788					2695
9.778					2696
9.764					2697
9.790					2698
9.789					2699
9.802					2700
9.782					2701
9.811					2702
9.797					2703
9.780					2704
9.786					2705
9.815					2706
9.802					2707
9.801					2708
9.791					2709
9.794					2710
9.806					2711
9.786					2712
9.811					2713
9.817					2714
9.820					2715
9.804					2716
9.809					2717
9.822					2718
9.796					2719
9.795					2720
9.807					2721
9.807					2722
9.813					2723
9.793					2724
9.831					2725
9.815					2726
9.792					2727
9.810					2728
9.797					2729
9.819					2730
9.822					2731
9.799					2732
9.821					2733
9.817					2734
9.826					2735
9.797					2736
9.793					2737
9.793					2738
9.792					2739
9.814					2740
9.797					2741
9.820					2742
9.803					2743
9.806					2744
9.841					2745
9.821					2746
9.820					2747
9.810					2748
9.816					2749
9.829					2750
9.831					2751
9.821					2752
9.837					2753
9.810					2754
9.829					2755
9.806					2756
9.802					2757
9.834					2758
9.818					2759
9.798					2760
9.817					2761
9.810					2762
9.809					2763
9.802					2764
9.841					2765
9.814					2766
9.794					2767
9.810					2768
9.819					2769
9.822					2770
9.802					2771
9.834					2772
9.833					2773
9.804					2774
9.826					2775
9.822					2776
9.841					2777
9.811					2778
9.814					2779
9.820					2780
9.839					2781
9.816					2782
9.819					2783
9.834					2784
9.821					2785
9.820					2786
9.823					2787
9.810					2788
9.819					2789
9.831					2790
9.847					2791
9.817					2792
9.836					2793
9.823					2794
9.832					2795
9.828					2796
9.808					2797
9.834					2798
9.807					2799
9.807					2800
9.810					2801
9.812					2802
9.835					2803
9.808					2804
9.824					2805
9.807					2806
9.807					2807
9.813					2808
9.819					2809
9.821					2810
9.827					2811
9.817					2812
9.817					2813
9.839					2814
9.838					2815
9.828					2816
9.818					2817
9.824					2818
9.823					2819
9.836					2820
9.826					2821
9.835					2822
9.818					2823
9.831					2824
9.833					2825
9.830					2826
9.835					2827
9.819					2828
9.828					2829
9.811					2830
9.821					2831
9.820					2832
9.829					2833
9.813					2834
9.831					2835
9.818					2836
9.827					2837
9.807					2838
9.836					2839
9.839					2840
9.851					2841
9.828					2842
9.811					2843
9.837					2844
9.833					2845
9.849					2846
9.829					2847
9.815					2848
9.844					2849
9.830					2850
9.820					2851
9.836					2852
9.839					2853
9.822					2854
9.851					2855
9.824					2856
9.850					2857
9.830					2858
9.813					2859
9.822					2860
9.835					2861
9.837					2862
9.814					2863
9.823					2864
9.846					2865
9.842					2866
9.828					2867
9.851					2868
9.808					2869
9.820					2870
9.826					2871
9.826					2872
9.838					2873
9.841					2874
9.841					2875
9.827					2876
9.830					2877
9.816					2878
9.852					2879
9.812					2880
9.838					2881
9.840					2882
9.827					2883
9.823					2884
9.849					2885
9.829					2886
9.818					2887
9.828					2888
9.834					2889
9.833					2890
9.849					2891
9.826					2892
9.854					2893
9.831					2894
9.837					2895
9.840					2896
9.823					2897
9.852					2898
9.812					2899
9.822					2900
9.831					2901
9.853					2902
9.827					2903
9.829					2904
9.826					2905
9.828					2906
9.844					2907
9.824					2908
9.850					2909
9.836					2910
9.826					2911
9.845					2912
9.848					2913
9.837					2914
9.840					2915
9.827					2916
9.836					2917
9.813					2918
9.854					2919
9.825					2920
9.860					2921
9.827					2922
9.839					2923
9.845					2924
9.845					2925
9.851					2926
9.841					2927
9.837					2928
9.833					2929
9.836					2930
9.852					2931
9.828					2932
9.847					2933
9.837					2934
9.850					2935
9.826					2936
9.836					2937
9.855					2938
9.848					2939
9.834					2940
9.847					2941
9.846					2942
9.836					2943
9.832					2944
9.858					2945
9.844					2946
9.857					2947
9.830					2948
9.852					2949
9.861					2950
9.838					2951
9.828					2952
9.857					2953
9.869					2954
9.840					2955
9.839					2956
9.829					2957
9.854					2958
9.847					2959
9.853					2960
9.840					2961
9.830					2962
9.845					2963
9.835					2964
9.838					2965
9.850					2966
9.850					2967
9.865					2968
9.833					2969
9.848					2970
9.857					2971
9.841					2972
9.856					2973
9.849					2974
9.833					2975
9.832					2976
9.877					2977
9.854					2978
9.844					2979
9.859					2980
9.865					2981
9.852					2982
9.855					2983
9.861					2984
9.834					2985
9.853					2986
9.849					2987
9.855					2988
9.874					2989
9.858					2990
9.857					2991
9.847					2992
9.840					2993
9.852					2994
9.871					2995
9.851					2996
9.838					2997
9.847					2998
9.840					2999
9.856					3000
9.859					3001
9.871					3002
9.864					3003
9.841					3004
9.870					3005
9.843					3006
9.878					3007
9.855					3008
9.877					3009
9.864					3010
9.847					3011
9.847					3012
9.849					3013
9.859					3014
9.858					3015
9.845					3016
9.854					3017
9.853					3018
9.853					3019
9.852					3020
9.868					3021
9.829					3022
9.835					3023
9.867					3024
9.853					3025
9.866					3026
9.852					3027
9.861					3028
9.845					3029
9.857					3030
9.860					3031
9.856					3032
9.859					3033
9.862					3034
9.874					3035
9.861					3036
9.841					3037
9.850					3038
9.882					3039
9.868					3040
9.868					3041
9.867					3042
9.854					3043
9.847					3044
9.866					3045
9.839					3046
9.852					3047
9.838					3048
9.835					3049
9.850					3050
9.840					3051
9.856					3052
9.855					3053
9.848					3054
9.841					3055
9.864					3056
9.866					3057
9.856					3058
9.846					3059
9.862					3060
9.874					3061
9.861					3062
9.870					3063
9.869					3064
9.866					3065
9.852					3066
9.878					3067
9.877					3068
9.838					3069
9.873					3070
9.850					3071
9.862					3072
9.839					3073
9.868					3074
9.857					3075
9.837					3076
9.856					3077
9.872					3078
9.846					3079
9.871					3080
9.851					3081
9.844					3082
9.866					3083
9.850					3084
9.885					3085
9.868					3086
9.864					3087
9.864					3088
9.844					3089
9.853					3090
9.856					3091
9.875					3092
9.868					3093
9.851					3094
9.886					3095
9.869					3096
9.869					3097
9.856					3098
9.881					3099
9.871					3100
9.857					3101
9.850					3102
9.872					3103
9.853					3104
9.855					3105
9.877					3106
9.861					3107
9.876					3108
9.860					3109
9.859					3110
9.868					3111
9.868					3112
9.855					3113
9.848					3114
9.873					3115
9.866					3116
9.856					3117
9.875					3118
9.855					3119
9.854					3120
9.844					3121
9.882					3122
9.862					3123
9.859					3124
9.868					3125
9.877					3126
9.857					3127
9.866					3128
9.863					3129
9.878					3130
9.865					3131
9.842					3132
9.861					3133
9.857					3134
9.853					3135
9.869					3136
9.865					3137
9.858					3138
9.851					3139
9.870					3140
9.873					3141
9.856					3142
9.865					3143
9.862					3144
9.877					3145
9.861					3146
9.850					3147
9.860					3148
9.846					3149
9.868					3150
9.871					3151
9.845					3152
9.867					3153
9.850					3154
9.895					3155
9.862					3156
9.871					3157
9.855					3158
9.877					3159
9.886					3160
9.856					3161
9.885					3162
9.878					3163
9.881					3164
9.854					3165
9.870					3166
9.876					3167
9.856					3168
9.856					3169
9.862					3170
9.851					3171
9.880					3172
9.857					3173
9.876					3174
9.875					3175
9.868					3176
9.865					3177
9.861					3178
9.877					3179
9.863					3180
9.853					3181
9.872					3182
9.862					3183
9.871					3184
9.861					3185
9.880					3186
9.869					3187
9.862					3188
9.865					3189
9.861					3190
9.854					3191
9.867					3192
9.844					3193
9.863					3194
9.865					3195
9.894					3196
9.868					3197
9.857					3198
9.893					3199
9.866					3200
9.859					3201
9.888					3202
9.868					3203
9.887					3204
9.870					3205
9.879					3206
9.876					3207
9.862					3208
9.845					3209
9.858					3210
9.877					3211
9.867					3212
9.850					3213
9.856					3214
9.865					3215
9.858					3216
9.871					3217
9.857					3218
9.879					3219
9.866					3220
9.872					3221
9.871					3222
9.871					3223
9.870					3224
9.873					3225
9.863					3226
9.849					3227
9.881					3228
9.871					3229
9.858					3230
9.889					3231
9.879					3232
9.866					3233
9.882					3234
9.875					3235
9.884					3236
9.864					3237
9.870					3238
9.866					3239
9.862					3240
9.855					3241
9.858					3242
9.864					3243
9.877					3244
9.876					3245
9.863					3246
9.869					3247
9.858					3248
9.864					3249
9.864					3250
9.873					3251
9.876					3252
9.862					3253
9.872					3254
9.871					3255
9.874					3256
9.896					3257
9.879					3258
9.869					3259
9.872					3260
9.881					3261
9.880					3262
9.861					3263
9.879					3264
9.902					3265
9.869					3266
9.871					3267
9.861					3268
9.870					3269
9.883					3270
9.886					3271
9.866					3272
9.868					3273
9.874					3274
9.877					3275
9.873					3276
9.883					3277
9.882					3278
9.862					3279
9.888					3280
9.868					3281
9.887					3282
9.857					3283
9.886					3284
9.882					3285
9.852					3286
9.858					3287
9.871					3288
9.896					3289
9.883					3290
9.863					3291
9.882					3292
9.865					3293
9.871					3294
9.877					3295
9.867					3296
9.876					3297
9.872					3298
9.894					3299
9.881					3300
9.864					3301
9.873					3302
9.873					3303
9.889					3304
9.895					3305
9.871					3306
9.864					3307
9.880					3308
9.876					3309
9.889					3310
9.866					3311
9.872					3312
9.871					3313
9.854					3314
9.899					3315
9.889					3316
9.872					3317
9.852					3318
9.881					3319
9.890					3320
9.870					3321
9.860					3322
9.856					3323
9.862					3324
9.865					3325
9.852					3326
9.910					3327
9.860					3328
9.883					3329
9.892					3330
9.872					3331
9.871					3332
9.874					3333
9.864					3334
9.876					3335
9.863					3336
9.882					3337
9.878					3338
9.884					3339
9.910					3340
9.860					3341
9.870					3342
9.885					3343
9.895					3344
9.878					3345
9.864					3346
9.906					3347
9.883					3348
9.879					3349
9.879					3350
9.885					3351
9.884					3352
9.864					3353
9.873					3354
9.870					3355
9.892					3356
9.914					3357
9.878					3358
9.884					3359
9.909					3360
9.870					3361
9.889					3362
9.885					3363
9.878					3364
9.871					3365
9.871					3366
9.890					3367
9.857					3368
9.876					3369
9.872					3370
9.881					3371
9.887					3372
9.870					3373
9.867					3374
9.876					3375
9.879					3376
9.881					3377
9.868					3378
9.877					3379
9.890					3380
9.886					3381
9.908					3382
9.888					3383
9.891					3384
9.874					3385
9.874					3386
9.889					3387
9.866					3388
9.879					3389
9.875					3390
9.881					3391
9.880					3392
9.883					3393
9.879					3394
9.876					3395
9.875					3396
9.875					3397
9.877					3398
9.887					3399
9.873					3400
9.886					3401
9.891					3402
9.865					3403
9.874					3404
9.871					3405
9.909					3406
9.870					3407
9.885					3408
9.875					3409
9.884					3410
9.877					3411
9.896					3412
9.892					3413
9.863					3414
9.869					3415
9.897					3416
9.878					3417
9.890					3418
9.909					3419
9.905					3420
9.901					3421
9.881					3422
9.891					3423
9.887					3424
9.912					3425
9.889					3426
9.889					3427
9.872					3428
9.888					3429
9.881					3430
9.890					3431
9.915					3432
9.905					3433
9.875					3434
9.888					3435
9.900					3436
9.884					3437
9.886					3438
9.886					3439
9.869					3440
9.891					3441
9.878					3442
9.881					3443
9.877					3444
9.893					3445
9.882					3446
9.892					3447
9.888					3448
9.910					3449
9.871					3450
9.893					3451
9.889					3452
9.869					3453
9.901					3454
9.927					3455
9.871					3456
9.909					3457
9.906					3458
9.902					3459
9.898					3460
9.920					3461
9.904					3462
9.916					3463
9.880					3464
9.876					3465
9.905					3466
9.911					3467
9.901					3468
9.881					3469
9.887					3470
9.889					3471
9.908					3472
9.892					3473
9.904					3474
9.878					3475
9.893					3476
9.896					3477
9.892					3478
9.885					3479
9.875					3480
9.891					3481
9.894					3482
9.887					3483
9.886					3484
9.863					3485
9.888					3486
9.881					3487
9.913					3488
9.897					3489
9.896					3490
9.892					3491
9.885					3492
9.911					3493
9.891					3494
9.884					3495
9.909					3496
9.889					3497
9.873					3498
9.901					3499
9.911					3500
9.891					3501
9.880					3502
9.893					3503
9.921					3504
9.908					3505
9.904					3506
9.888					3507
9.887					3508
9.880					3509
9.880					3510
9.902					3511
9.895					3512
9.911					3513
9.913					3514
9.864					3515
9.880					3516
9.876					3517
9.895					3518
9.895					3519
9.888					3520
9.884					3521
9.883					3522
9.909					3523
9.905					3524
9.872					3525
9.901					3526
9.920					3527
9.893					3528
9.890					3529
9.908					3530
9.882					3531
9.885					3532
9.884					3533
9.887					3534
9.893					3535
9.902					3536
9.921					3537
9.872					3538
9.885					3539
9.891					3540
9.893					3541
9.899					3542
9.896					3543
9.889					3544
9.914					3545
9.888					3546
9.894					3547
9.896					3548
9.902					3549
9.895					3550
9.898					3551
9.901					3552
9.894					3553
9.922					3554
9.922					3555
9.879					3556
9.924					3557
9.901					3558
9.878					3559
9.890					3560
9.903					3561
9.899					3562
9.898					3563
9.908					3564
9.907					3565
9.894					3566
9.896					3567
9.912					3568
9.889					3569
9.911					3570
9.888					3571
9.878					3572
9.900					3573
9.883					3574
9.892					3575
9.895					3576
9.898					3577
9.884					3578
9.897					3579
9.890					3580
9.896					3581
9.895					3582
9.898					3583
9.891					3584
9.894					3585
9.897					3586
9.906					3587
9.912					3588
9.911					3589
9.917					3590
9.881					3591
9.881					3592
9.890					3593
9.919					3594
9.899					3595
9.898					3596
9.924					3597
9.887					3598
9.913					3599
9.896					3600
9.902					3601
9.895					3602
9.908					3603
9.904					3604
9.903					3605
9.887					3606
9.899					3607
9.908					3608
9.888					3609
9.901					3610
9.894					3611
9.893					3612
9.886					3613
9.896					3614
9.902					3615
9.904					3616
9.888					3617
9.923					3618
9.900					3619
9.893					3620
9.882					3621
9.885					3622
9.881					3623
9.881					3624
9.867					3625
9.877					3626
9.889					3627
9.847					3628
9.862					3629
9.855					3630
9.839					3631
9.851					3632
9.844					3633
9.850					3634
9.820					3635
9.817					3636
9.819					3637
9.829					3638
9.828					3639
9.808					3640
9.801					3641
9.797					3642
9.777					3643
9.774					3644
9.789					3645
9.795					3646
9.763					3647
9.765					3648
9.765					3649
9.755					3650
9.764					3651
9.737					3652
9.766					3653
9.762					3654
9.723					3655
9.709					3656
9.735					3657
9.738					3658
9.721					3659
9.694					3660
9.697					3661
9.690					3662
9.693					3663
9.689					3664
9.689					3665
9.678					3666
9.665					3667
9.681					3668
9.677					3669
9.673					3670
9.686					3671
9.685					3672
9.656					3673
9.678					3674
9.680					3675
9.686					3676
9.673					3677
9.685					3678
9.653					3679
9.646					3680
9.639					3681
9.651					3682
9.657					3683
9.631					3684
9.640					3685
9.633					3686
9.597					3687
9.606					3688
9.612					3689
9.608					3690
9.617					3691
9.627					3692
9.594					3693
9.590					3694
9.619					3695
9.573					3696
9.582					3697
9.604					3698
9.600					3699
9.580					3700
9.573					3701
9.570					3702
9.556					3703
9.562					3704
9.539					3705
9.561					3706
9.545					3707
9.518					3708
9.537					3709
9.543					3710
9.539					3711
9.519					3712
9.512					3713
9.528					3714
9.534					3715
9.530					3716
9.501					3717
9.510					3718